{
  "data_set_name": "piccorobo",
  "data_set": [
    {
      "data": [
        {
          "angle": 0,
          "sid": 2
        }
      ],
      "time": 200,
      "name": "首を正面に",
      "type": "angle"
    },
    {
      "data": [
        {
          "angle": 30,
          "sid": 2
        }
      ],
      "time": 200,
      "name": "首を右に",
      "type": "angle"
    },
    {
      "data": [
        {
          "angle": -30,
          "sid": 2
        }
      ],
      "time": 200,
      "name": "首を左に",
      "type": "angle"
    },
    {
      "data": [
        {
          "angle": 35,
          "sid": 1
        }
      ],
      "time": 200,
      "name": "右足上げる",
      "type": "angle"
    },
    {
      "data": [
        {
          "angle": -35,
          "sid": 1
        }
      ],
      "time": 200,
      "name": "左足上げる",
      "type": "angle"
    },
    {
      "data": [
        {
          "angle": 0,
          "sid": 1
        }
      ],
      "time": 200,
      "name": "足下ろす",
      "type": "angle"
    },
    {
      "data": [
        {
          "angle": 13,
          "sid": 9
        },
        {
          "angle": 13,
          "sid": 15
        }
      ],
      "time": 200,
      "name": "右にひねる",
      "type": "angle"
    },
    {
      "data": [
        {
          "angle": -13,
          "sid": 9
        },
        {
          "angle": -13,
          "sid": 15
        }
      ],
      "time": 200,
      "name": "左にひねる",
      "type": "angle"
    },
    {
      "data": [
        {
          "angle": 0,
          "sid": 9
        },
        {
          "angle": 0,
          "sid": 15
        }
      ],
      "time": 200,
      "name": "ひねりをもどす",
      "type": "angle"
    },
    {
      "data": [
        {
          "angle": -10,
          "sid": 9
        },
        {
          "angle": 10,
          "sid": 15
        }
      ],
      "time": 200,
      "name": "足をひらく",
      "type": "angle"
    },
    {
      "data": [
        {
          "angle": 0,
          "sid": 9
        },
        {
          "angle": 0,
          "sid": 15
        }
      ],
      "time": 200,
      "name": "足をとじる",
      "type": "angle"
    },
    {
      "data": [
        255, 120, 0, 200, 0, 0, 50, 40, 10, 1, 50, 40, 10, 0
      ],
      "time": 200,
      "name": "目が光る",
      "type": "raw"
    },
    {
      "data": [
        255, 120, 0, 200, 0, 0, 0, 0, 0, 1, 0, 0, 0, 0
      ],
      "time": 200,
      "name": "目が消える",
      "type": "raw"
    }
  ]
}
