{
  "data_set_name": "くまちゃんはたあげ",
  "data_set": [
    {
      "name": "ロボット：首を右に",
      "type": "angle",
      "data": [
        {
          "sid": 2,
          "angle": -7.5
        }
      ],
      "time": 500
    },
    {
      "name": "ロボット：首を左に",
      "type": "angle",
      "data": [
        {
          "sid": 2,
          "angle": 7.5
        }
      ],
      "time": 500
    },
    {
      "name": "ロボット：赤あげる",
      "type": "angle",
      "data": [
        {
          "sid": 4,
          "angle": -25.0
        }
      ],
      "time": 200
    },
    {
      "name": "ロボット：赤さげる",
      "type": "angle",
      "data": [
        {
          "sid": 4,
          "angle": -100.0
        }
      ],
      "time": 200
    },
    {
      "name": "ロボット：白あげる",
      "type": "angle",
      "data": [
        {
          "sid": 7,
          "angle": 25.0
        }
      ],
      "time": 200
    },
    {
      "name": "ロボット：白さげる",
      "type": "angle",
      "data": [
        {
          "sid": 7,
          "angle": 100.0
        }
      ],
      "time": 200
    }
  ]
}
